{"recall": 2.51669424783182, "match": 0.881331291152788}
