{"recall": 2.33803571477406, "match": 0.910808415653806}
