{"recall": 2.3481162751135, "match": 0.923033510392514}
