{"recall": 2.47620003135871, "match": 0.892432179654529}
