{"recall": 2.5047754982519, "match": 0.870149057180543}
